country,year,formal_1,formal_2,avg_educ_years,employed_agriculture,min_wage,gov_exp_educ,rural_pop,gdp_per_capita,cpi,credit,fdi
ARG,2003,0.329643756607655,0.374334163617983,10.9101251789635,0.017325018787476,192.052466512259,0.035350499153137,NA,3603.665707059207,568.0828963752072,213.0228369554995,-1.177275579452041
ARG,2004,0.351030674534266,0.385880534185425,10.9585781184884,0.01392556579965,278.908814349656,0.034865200519562,NA,4259.521692362814,593.1693576093019,212.61832835437951,-1.2289922174159678
ARG,2005,0.378509760659984,0.404743067353969,11.0975150196753,0.013311226085486,384.313478978085,0.038600099086762,NA,5086.56991705758,650.3651090699273,185.9034760767707,-1.2807088553798944
ARG,2006,0.410128286369259,0.433062381645502,10.7277735537283,0.009586177763608,416.952109033589,0.04128210067749,NA,5890.930161132525,722.0465991319696,168.7658065065206,-1.332425493343821
ARG,2007,0.451215749546705,0.471925123103782,10.8985131268473,0.009331653335291,491.790595690725,0.044626002311706,NA,7210.672594311309,847.7960296058551,157.1256977661066,-1.728119820902339
ARG,2008,0.457214045590329,0.476245997110243,10.9094389375484,0.01314925265746,544.612706751323,0.04844409942627,NA,8977.506850805856,1049.983949598831,149.9204502615021,-2.305195206660664
ARG,2009,0.45840584751449,0.483835756074084,10.9953673783622,0.013646391554625,610.153120418902,0.055310502052307,NA,8184.389889403995,1205.888067499637,151.09744639078,-0.992746537421497
ARG,2010,0.481448584536989,0.501338121539247,11.1452377913405,0.011521486831899,674.107894804805,0.050197100639343,NA,10386.0968201506,1517.621772218975,161.0034971557197,-2.447392507748073
ARG,2011,0.487016347575537,0.505074223899859,11.1859678904788,0.005584108499982,802.996118310262,0.05290629863739,NA,12743.26714593381,1879.599363868642,182.6091776785675,-1.778588979010517
ARG,2012,0.481988028236405,0.50127181699967,11.261137525955,0.00572447403868,835.965140503326,0.053458299636841,NA,13813.28307550861,2332.819123889602,195.4625930892724,-2.47523688175616
ARG,2013,0.488548936419529,0.504567492851817,11.2993474820669,0.005871134074701,958.243667795624,0.054366102218628,NA,14310.03369795977,2928.797630037513,215.6502082145148,-1.478939066650213
ARG,2014,0.484969898609257,0.503501529274517,11.2842095957176,0.005529482217097,891.510965937383,0.053614401817322,NA,13037.35042315038,4111.599821397084,209.8579164380844,-0.565308251391653
ARG,2015,0.501038452551225,0.517949602369955,11.2882839931203,0.005421446823318,795.05548260236,0.057761101722717,NA,14621.06510680605,5203.563425067754,225.6232623703523,-1.72584076345032
ARG,2016,0.48115796143537,0.500059189034445,11.4201621170131,0.005743209136243,1101.72880692279,0.055454897880554,NA,12630.48078150374,7297.884412781017,226.1261534351717,-0.267657267855615
ARG,2017,0.47489142330284,0.490070397318798,11.5089567589574,0.005316542272911,983.410318736733,0.054543199539185,NA,14442.5168185907,9135.906318445574,238.8557557576691,-1.628822402139635
ARG,2018,0.461651943568319,0.484410244643195,11.6144684750443,0.004920226222277,972.260775379038,0.04877739906311,NA,11303.55499248379,12267.44136543844,216.30016638880977,-1.986453267040236
ARG,2019,0.44728750598306,0.468978385133415,11.7707111925117,0.005756883994486,924.641188426269,0.04777599811554,NA,9745.61621814712,18836.44820366723,193.7445770199504,-1.170543670026548
ARG,2020,0.452685170428512,0.491348420707138,11.6915779931788,0.004844808723575,703.173569049022,0.052796401977539,NA,8374.217109227022,26750.59976164655,241.033287819054,-0.975526542078614
ARG,2021,0.466277332456774,0.484604936740956,12.0007794583525,0.00598219980217,473.806866134817,0.046476001739502,NA,10560.49002403359,39700.39888485943,229.8183912487902,-1.109235779419125
ARG,2022,0.450149625810559,0.464232015218167,11.8736917853512,0.006519896320312,274.780823939022,0.04709408521652227,NA,13350.28917609166,68462.91463274261,224.6198888984369,-2.159891700766648
BOL,2003,0.103792611929126,0.091543346573128,7.73179760852033,0.363956112010243,246.034091898065,0.06592676428669583,0.374612308294468,892.3553801318782,251.9766956599589,NA,2.4101751990088
BOL,2004,0.11314985723234233,0.099654977948712,8.043629938742825,0.3819046946530365,234.77167129596,0.06653100817812642,0.3662198368128275,951.9196365582186,263.1563623545909,NA,0.941964225802984
BOL,2005,0.12250710253555866,0.10776660932429599,8.35546226896532,0.39985327729583,223.509250693855,0.067135252069557,0.357827365331187,1018.313287941321,277.3613597598138,NA,-3.045411894965288
BOL,2006,0.131864347838775,0.11587824069988,8.56458523727431,0.408948399473526,243.518312335243,0.064342198371887,0.367493854313843,1200.068771072819,289.2334111363944,NA,2.484152200870046
BOL,2007,0.140046603684922,0.123031432875655,8.97106963834954,0.376367201174933,239.737698508277,0.067204899787903,0.347091526061806,1352.088278722402,314.4090512335046,NA,2.75921556666257
BOL,2008,0.135695243040964,0.118224821870596,8.85149998652676,0.356371521996843,231.309265670654,0.067230200767517,0.344404896183905,1687.54324770356,358.4545400894652,NA,3.044144774741298
BOL,2009,0.154302720778581,0.137460422809837,9.09073041213307,0.331734047539756,250.760129346035,0.075748600959778,0.338422988863687,1725.146285927274,370.4463797137794,NA,2.454737616511334
BOL,2010,0.1680467412971125,0.148006141504139,9.228611878594474,0.33525529522051,265.6708910251985,0.069737901687622,0.33346430753226697,1921.706989963076,379.7138797483773,NA,3.419265628420017
BOL,2011,0.181790761815644,0.158551860198441,9.36649334505588,0.338776542901264,280.581652704362,0.06450560092926,0.328505626200847,2304.979405527447,417.2432563572036,NA,3.584427266236585
BOL,2012,0.18897306359023,0.169900211076227,9.69719864398448,0.306197307612729,329.230978857886,0.066279997825623,0.330085183140774,2562.466784323303,436.0915537431138,NA,3.913550146003349
BOL,2013,0.224015552684654,0.195945517242961,10.0802744308441,0.32870958913953,373.643334911907,0.06803219795227,0.325631346484532,2853.79716142681,461.1088352680346,NA,5.70662212000731
BOL,2014,0.169128161794748,0.147142174918163,9.4316776250707,0.348255667389521,423.931286760095,0.07478129863739,0.321778733704529,2914.7229863933085,487.6899222563173,NA,3.6161004668722594
BOL,2015,0.188478961416489,0.171711100867289,9.75096509638048,0.300092194401816,468.494606338957,0.081434297561646,0.314526871072631,2975.648811359807,507.4954050776769,NA,1.525578813737209
BOL,2016,0.192646363778601,0.168191916215777,9.78227460873815,0.328985103857703,492.79024916736,0.081506099700928,0.3112852150927,3013.502707761703,525.8896247140968,NA,-0.726256071911576
BOL,2017,0.191338295377743,0.171270266364748,10.011633582415,0.309672584008726,531.03629844147,0.08097240447998,0.307759476589013,3280.008213463822,540.7325824051065,NA,-1.687027278224603
BOL,2018,0.203867715795397,0.185948689705696,10.0946074730817,0.310443990906746,534.819606788222,0.080158700942993,0.304623089231121,3471.006950644991,553.0160402132823,NA,-0.960180365674291
BOL,2019,0.217509593053501,0.195344164383088,10.4143756593355,0.310823420755561,540.967938688904,0.080910396575928,0.301461181923312,3472.380830756854,563.1875535518317,NA,0.647876425398258
BOL,2020,0.200478813243296,0.190349157649077,10.6545319715984,0.322043374651145,535.91687542241,0.084371099472046,0.298241607973908,3068.812555076041,568.4921816886134,NA,2.780133113336195
BOL,2021,0.202461364396211,0.193667782626245,10.6345073350913,0.271215865609064,542.528703113753,0.079617400169373,0.295446942029451,3345.023002261933,572.67806619609,NA,-1.218248117288692
BOL,2022,0.208581898727373,0.213044547755459,10.8749167243784,0.246989244942032,554.407588065957,0.077407398223877,0.29253804328607,3600.121634864268,582.680269404505,NA,-0.745212899141668
BRA,2003,0.447134077441232,0.468941747299695,7.88481275445839,0.196752664505268,126.126545165892,0.038624249696732005,0.157255235955878,3074.935772297203,7821181.491860745,93.65707914325029,-1.761942741964119
BRA,2004,0.457674541274588,0.478261503767309,8.05544848668595,0.189899429980269,128.179790420626,0.039744799137116,0.154678652154793,3634.158206684593,8337223.0090983,101.5750003502015,-1.242199702890223
BRA,2005,0.463798330878686,0.485609804140171,8.17168812808417,0.188648019531684,138.391968664685,0.044790802001953,0.157446195418052,4818.192430799249,8910005.352040546,114.4316498500231,-1.394349381126616
BRA,2006,0.475859194006307,0.49185504609449,8.6523432311861,0.187056689575129,154.973646228282,0.048706002235413,0.171076310619809,5888.270250260387,9282774.53357046,132.9929321289171,0.843692253833862
BRA,2007,0.494551336068646,0.511075922994698,8.81863031372028,0.177829196710496,162.345527620556,0.04974259853363,0.170035503839079,7391.044105462867,9620793.370307272,159.5939619537064,-1.951563242353159
BRA,2008,0.512976892198823,0.525326802995677,9.05330769204198,0.168923411041153,167.771812916334,0.052688398361206,0.166610114876731,8806.922062114154,10167090.71521199,199.400162383146,-1.449809874157088
BRA,2009,0.520656211619405,0.540795912597873,9.20827041977692,0.164541719977883,179.224602616549,0.054635500907898,0.164359514090234,8611.98176406158,10664068.60712774,228.006719010286,-2.150978755224088
BRA,2010,0.547995725191584,0.5657051078505605,9.351065302992495,0.1579061249033645,183.3803938149715,0.056487998962402,0.157418626567606,11256.55641270202,11201436.53670597,257.9150185829808,-2.516753473116672
BRA,2011,0.575335238763763,0.590614303103248,9.49386018620807,0.151270529828846,187.536185013394,0.05737410068512,0.150477739044978,13221.99444300476,11944804.58131428,289.2450977116113,-3.295673808486858
BRA,2012,0.590891702240059,0.603463707942297,9.71611711879658,0.141255733363404,203.059532689158,0.058551001548767,0.151618767251348,12295.05479975691,12590257.95921815,321.9825706011617,-3.680141671132103
BRA,2013,0.601284376465735,0.616100285499365,9.8392139978168,0.140652334896654,208.411128857764,0.058388500213623,0.152357559505952,12160.08772807361,13371385.15010703,374.7920668928799,-2.428406349647264
BRA,2014,0.601884329486663,0.616818303382176,9.9221579027699,0.142292689203976,209.303888677277,0.059484801292419,0.149537275146187,12039.00984440533,14217684.88706483,397.9626770162126,-2.739673201183674
BRA,2015,0.587829164391243,0.62294644136198,10.0823448046654,0.138264627550511,208.938438411566,0.062410597801208,0.152957524916394,8627.416095669485,15501563.18205274,403.8956123742697,-3.4799835061407842
BRA,2016,0.591822875462688,0.650291550445819,10.2756331058291,0.098026119497336,214.579021950606,0.06314040184021,0.145543250227607,8786.340397084834,16856330.17169949,376.4794047547566,-3.279220469517701
BRA,2017,0.572318010415201,0.63481502422197,10.4117400182236,0.093189515556598,220.866157448958,0.063204798698425,0.142211853577603,9862.356793537989,17437251.06618169,355.4298217296764,-2.312101191993779
BRA,2018,0.571002549614561,0.631638162375894,10.6582787935671,0.089987646012809,216.923791693645,0.060885100364685,0.144267124838638,9058.668388977603,18076269.90645876,350.1331063958495,-4.000316281753893
BRA,2019,0.574107944914878,0.628281708430392,10.7692486715713,0.089802275934188,218.7621689754,0.059634699821472,0.139413837540779,8846.997342006047,18751064.34112904,354.7827983453946,-2.474047132605986
BRA,2020,0.572038391361167,0.643727339306958,11.1576163961473,0.089264178978053,221.936887472614,0.057715001106262,0.141161351762511,6808.971514746818,19353271.8219201,381.4534110236323,-2.875167576603159
BRA,2021,0.561915118479264,0.635624778681412,11.1900919995521,0.095531275729742,215.710429162837,0.05883798648329318,0.139420670495929,7776.969617064899,20959897.94357472,404.74469216999063,-1.811923778747606
BRA,2022,0.598107842846425,0.635413569824915,11.1603180606874,0.087206718387463,217.490677037729,0.059960971860324355,0.133364901646492,9111.288683989318,22904963.13644083,428.7371974244155,-2.102765229044399
COL,2003,0.22505608804895377,0.2512491209032615,8.26342936918125,0.203810020619274,400.54097678791,0.043251399993896,0.256511210868951,2305.212010806425,761.8055555555555,100,-0.827082747480127
COL,2004,0.23322534600473985,0.25934810697448735,8.4213095193568,0.196815089081346,407.817599772435,0.040793499946594,0.253214261230912,2812.406908207763,806.7860623781677,106.2536379141919,-2.495637285511956
COL,2005,0.24139460396052592,0.2674470930457132,8.60002329567309,0.216323825066784,413.70852576333,0.040209898948669,0.250185310071174,3448.91243175587,847.4902534113062,116.0518855739906,-3.735780227002337
COL,2006,0.249563861916312,0.275546079116939,8.6663866748884,0.187847684287883,424.188349872423,0.039167199134827,0.261035267141255,3783.545806397641,883.9181286549708,138.4653077790034,-3.387973810045389
COL,2007,0.291586522949615,0.316418597401756,8.77751529350977,0.184108078154587,427.22998340425,0.040830101966858,0.25734343073285,4764.447597659206,932.9191033138402,171.0290258060088,-3.686762206997499
COL,2008,0.297284295263045,0.320615361166422,8.96494750450521,0.175289488523123,424.867722175383,0.039387800693512,0.242637734693644,5527.836739859642,998.2090643274856,193.4043923337808,-3.087907139632444
COL,2009,0.283722194726219,0.30810187292607,8.78793388441384,0.186930955186401,439.04888424777,0.047765197753906,0.240490820926065,5243.931657493672,1040.155945419103,203.40607557557,-1.949438334303002
COL,2010,0.278940457218304,0.299090875108903,8.8196654209921,0.185182268835863,444.95360907602,0.048338298797607,0.238361547128114,6395.047019882164,1063.754873294347,215.4065359987675,-0.330539824343501
COL,2011,0.292917331861754,0.309602340614595,9.08952112223982,0.175548641471342,447.468785376226,0.044660801887512,0.236441353812835,7393.480701488802,1100.09746588694,254.1714547315987,-1.858925469362419
COL,2012,0.298893927043174,0.31503238604012,9.0837067587733,0.171602516242199,458.881634115821,0.043703899383545,0.234844614228917,8101.823292119923,1134.965886939571,288.8621448469772,-4.218197141659505
COL,2013,0.320706740207292,0.334972791168035,9.39638525318422,0.167065770547976,467.887432448306,0.048785500526428,0.233147253715967,8263.196193234144,1157.87037037037,324.2704458034613,-2.239974156959619
COL,2014,0.334715476008703,0.346257748797392,9.48769908015802,0.166276910515775,475.111336961611,0.046294598579407,0.231550770618971,8160.708193591749,1191.45955165692,358.3259751644943,-3.221042675756971
COL,2015,0.343156162570152,0.357183680118487,9.50869664832763,0.159042467940368,473.356712147037,0.044703898429871,0.230052400675135,6222.645367509654,1250.877192982456,390.8948065303525,-2.524747600542348
COL,2016,0.352038744467918,0.365752356674991,9.65150885466978,0.163352052721674,471.123423510206,0.044772100448608,0.228659023499134,5934.32323105552,1344.858674463938,403.7659812105489,-3.304906817817729
COL,2017,0.35688069795956,0.37139906580195,9.79459370372951,0.169475423959597,483.272778471063,0.045355100631714,0.227345354201536,6450.556455368142,1402.899610136452,411.9229021947709,-3.209833591771364
COL,2018,0.353701753361615,0.36976029726713,9.84368805922793,0.16459317907087,495.72455693263,0.044491000175476,0.226112927642733,6782.677323072458,1448.367446393762,421.0305857089855,-1.84674628698106
COL,2019,0.360882445968759,0.38196371563279,10.0815503558077,0.158613428104277,507.591268506897,0.045106902122498,0.224948894397676,6438.998888840188,1499.354288499025,436.4011188867182,-3.353066536240132
COL,2020,0.328778294491764,0.361552116400633,10.1844203878573,0.167790245388831,524.79847474199,0.052655000686646,0.22358975218342,5306.795862685357,1537.219785575049,458.1467293758241,-2.118249762463906
COL,2021,0.337376024688816,0.368750829074958,10.3101568457555,0.15867408546071,524.789288972929,0.039200000762939,0.222814946733546,6179.965582979103,1590.960038986355,461.6044885232735,-2.004117811616623
COL,2022,0.380271989208889,0.405129856256552,10.1449333106478,0.145234488509818,608.117110742453,0.038974923027885834,0.228833884981008,6653.732573475243,1752.86306042885,483.0976628102368,-3.901723539204755
CRI,2003,0.59483962137159,0.616889185295909,8.90251980106397,0.151414269925329,524.374238439593,0.051337399482727,0.409959418143291,4124.610669036262,580.5028040485689,207.8369369249295,3.600860609706218
CRI,2004,0.609211662493206,0.630917981303348,8.92337808394143,0.148334914464722,519.642429569933,0.048906297683716,0.410050361890084,4377.133585562942,651.992486804491,233.0662858799323,4.712651604126272
CRI,2005,0.601435549687298,0.622931020995519,9.00636856435144,0.151935699360066,610.111627222574,0.047533848285675,0.410104812613611,4645.38416712653,741.9528161627359,249.688985082798,6.879110478447434
CRI,2006,0.616265408817754,0.632640191308073,9.08967525929287,0.140029006605724,601.124704971136,0.046161398887634,0.410222876663215,5188.548300771594,827.0604937194147,266.9034563708291,6.964408784142775
CRI,2007,0.636503559387837,0.646194639529884,9.16671007620938,0.132213920272199,622.785615949733,0.046345100402832,0.410413675136729,6055.061809567477,904.4488208690174,299.5298702254896,6.739438078546124
CRI,2008,0.667080208585531,0.679774001025689,9.31925381343023,0.123425965465739,631.694889348915,0.048869700431824,0.410639416813253,6841.911639134656,1025.867935305403,342.8059417945947,7.270713366891952
CRI,2009,0.663109077250144,0.700547223814591,9.44912499914982,0.118430667852378,638.799520508515,0.060103001594544,0.410824887966234,6737.860753588857,1106.324227246981,376.8920547530968,4.359365295590204
CRI,2010,0.680797831433401,0.712950243079879,9.37111580450964,0.151077080860238,666.479392301709,0.0656574010849,0.383712761286666,8147.244456855298,1168.971528554257,366.8804705363199,4.220043206432831
CRI,2011,0.671204875663527,0.70517303104119,9.52315297026177,0.142255724932843,675.622534825622,0.063798899650574,0.379607922681947,9137.4551020135,1225.995703643884,395.9268709232036,5.444514822037593
CRI,2012,0.683200092896969,0.717830157096626,9.66527968458813,0.134643339822197,686.56049435834,0.065823998451233,0.383174604398986,9971.611446434954,1281.111053017249,424.2859067034485,3.816809170093942
CRI,2013,0.678575260966081,0.717116674703405,9.73260595558061,0.127256080063663,746.077835874863,0.066873998641968,0.382013747856203,10633.26655985878,1348.128391250389,434.7663714181169,4.713379169898627
CRI,2014,0.686395739027366,0.726131136645854,9.93541434465858,0.103555139692922,767.655220016514,0.066795201301575,0.272897999999162,10737.67886984298,1409.054984330352,502.2046889459248,5.417020171226533
CRI,2015,0.666726562927559,0.70260637369894,9.76092092372033,0.113826213878263,783.923330644856,0.068734998703003,0.273300947173128,11529.95517357419,1420.353588399642,559.8089041502602,4.502520336938116
CRI,2016,0.665700129773409,0.6954863502139,9.73168970331463,0.116150142522086,793.266512080757,0.068939599990845,0.27363990312821,11899.81397838967,1420.105423276814,647.144039047217,3.61451614576261
CRI,2017,0.681771197221723,0.708871338708181,9.81747112387815,0.110223506094502,789.476430932071,0.070698099136352,0.273845189722441,12118.13361806337,1443.192408096223,709.4193101960523,4.382463197834744
CRI,2018,0.685233443085013,0.717022974790574,9.98838922720722,0.107754233432698,791.082724024532,0.067699198722839,0.274345465820808,12383.14994695328,1475.248572981209,722.1305691925625,3.899045784589235
CRI,2019,0.685512172739444,0.727349704446121,10.1559600215131,0.103872461833304,774.841716940144,0.067380800247192,0.274630464471424,12669.34116173553,1506.172684523507,703.6593165857846,4.183856482526826
CRI,2020,0.673526135934562,0.785961559964441,10.203221040806,0.122373314055378,769.270400193451,0.066289801597595,0.27477670033973,12179.25667422417,1517.090056343161,729.0782266312463,2.635226451583433
CRI,2021,0.671835893148457,0.730088472153047,10.3055239568438,0.110943165604375,756.210108104161,0.062817101478577,0.275058764425778,12604.04883718719,1543.283751720934,770.6775761883051,4.843203716800893
CRI,2022,0.71807971875963,0.754500169710393,10.1201251831569,0.104801856005947,698.416699816089,0.06345486270056866,0.275515586518026,13365.14635666202,1670.984731081199,749.4890937094133,4.419330331787099
DOM,2003,0.1941078132189651,0.19621539508516475,8.62129437836087,0.137471085234214,305.871087836186,0.018446500301361,0.291839791428379,2412.344240530908,394.0522661553076,343.4381944709376,NA
DOM,2004,0.20658265584617855,0.20826366487699888,8.68154003676229,0.148607352350862,289.552253132705,0.018951849937439,0.355295636884784,2488.735085706237,596.834950513429,241.8366905647781,NA
DOM,2005,0.219057498473392,0.220311934668833,8.65137832068369,0.147698733476218,277.910029347958,0.019457199573517,0.353533841363561,3922.359420241739,621.8435441557251,224.255260723076,NA
DOM,2006,0.25756122388487,0.256596280793279,8.7814439250377,0.148153173904188,258.343948474619,0.019962549209594997,0.353383729023151,4092.746959049144,668.9345446430152,237.9253220760586,NA
DOM,2007,0.307019262708056,0.305783265235884,8.94062837571911,0.14368242207297,279.898505265019,0.020467898845673,0.353665342258549,4686.91494533201,710.030983585691,265.4554577359137,-3.7914489551435855
DOM,2008,0.327744308813205,0.327410637574087,8.95743127887341,0.139563098856911,252.97221890668,0.02310324903806083,0.326704456786061,5062.05309127268,785.6110914481249,296.0242545551562,-3.7786496658231137
DOM,2009,0.32141910017027,0.323341454049619,9.06906697267388,0.148034544718145,286.795838913963,0.025738599230448665,0.326589537795552,5008.133255149953,796.9407921604969,322.1779532823613,-3.765850376502642
DOM,2010,0.334907528660129,0.336392829691126,9.09168736264577,0.145150866464413,269.723479602929,0.028373949422836497,0.326629397549222,5515.836022751761,847.3866039900468,355.2217569087499,-3.75305108718217
DOM,2011,0.320514203801039,0.32207031527716,9.11045719049187,0.146830063965452,290.969156305159,0.031009299615224334,0.32664061659551,5865.233713427286,919.0701118667818,361.5361976350881,-3.919416227958754
DOM,2012,0.326854880953558,0.331274067651999,9.33268464800008,0.135498579950621,280.602017803771,0.03364464980761217,0.327177213232786,6055.971831547952,953.02561170038,381.917715452491,-5.172952589935466
DOM,2013,0.33238881315338,0.33794779608313,9.33519160572226,0.140979838276632,305.148395199601,0.03628,0.326765754902335,6178.790376485672,999.0658117084652,426.8746983905849,-3.171692588495168
DOM,2014,0.366687471058407,0.370651146336067,9.42342610406472,0.144225014819486,296.264505620427,0.03622,0.326552812342469,6541.811604487703,1029.024221356077,472.9549894312899,-3.283347985262348
DOM,2015,0.381136486528032,0.384581520808143,9.62581424977801,0.128703031447668,334.930444423333,0.03604,0.326476705269059,6847.508330513167,1037.634543935186,527.0312660105129,-3.09442184397359
DOM,2016,0.397041144879997,0.398336105144615,9.62967213998705,0.123156412536204,329.610595178407,0.0385,0.326788955977565,7197.953454639096,1054.383688699432,582.5258516180089,-3.176024753588162
DOM,2017,0.398743903501057,0.398597944817196,9.82795333296336,0.098003360544692,382.971599828449,0.0392,0.194548515935489,7521.353999034369,1088.962802207947,614.4824515064606,-4.458821916465003
DOM,2018,0.411657803929507,0.416379509876022,10.1214181776322,0.092020565883071,369.790200554451,0.03918,0.187628353457499,7953.935633121589,1127.778165409974,661.796621809092,-2.960818791226989
DOM,2019,0.438784848785713,0.43892300177388,10.2836982199434,0.087483776801854,363.215689754914,0.04043,0.181198761444623,8181.638756152332,1148.197759394968,717.2072435662698,-3.393176205415493
DOM,2020,0.411779686097157,0.419653626280734,10.158504261233,0.09104770933314,349.981589805582,0.04518,0.175237030905042,7175.023372956913,1191.611481742329,750.5852185530579,-3.243167371895421
DOM,2021,0.397139128615084,0.403976291766484,10.4373262165538,0.075976203688233,323.332460695201,0.03747,0.169710123334244,8496.047312490393,1289.835071883608,734.7426517474529,-3.384362198370923
DOM,2022,0.431129823136021,0.425132521130013,11.6238941542767,0.076263940881163,513.447926472545,0.0394,0.164621923638456,10141.10462890552,1403.484700355448,782.7714661687754,-3.59945961533651
ECU,2003,0.187787745643136,0.178650509148672,8.45571541124901,0.315247205101779,344.65537330972103,NA,0.340167815155799,2438.343684291564,5758.483948719328,77.05165222455294,NA
ECU,2004,0.180442469782443,0.165761528921105,8.48567814464121,0.332672244529328,349.326970612453,NA,0.333282616573109,2703.565670574653,5916.452522497407,100,NA
ECU,2005,0.185520716178873,0.172608704299667,8.65320335616652,0.318412449427558,357.146248919219,NA,0.336668571109918,3014.310009315896,6044.737602458981,116.3760770485608,NA
ECU,2006,0.187070953879658,0.169914576962733,9.0581971675597,0.319268302087023,368.793334132956,0.045028924575219155,0.336983410476322,3340.840902898488,6244.138291187225,130.4339970911491,NA
ECU,2007,0.191340389541516,0.176858135410307,9.12717708736196,0.29980145976439,383.122223275473,0.04449401672069877,0.337376893629884,3579.032243918064,6386.266416614705,148.2243377204082,NA
ECU,2008,0.207441397356683,0.195193197970522,9.23983063255938,0.289621741699251,415.801727243794,0.04395910886617838,0.336944690718332,4260.433183964707,6922.718922586331,160.5150884169154,NA
ECU,2009,0.223434982091978,0.210935989951671,9.33461041232915,0.295815639307589,430.986595380812,0.043424201011658,0.335512769059885,4240.702592715641,7279.9290239229495,154.1973519619555,NA
ECU,2010,0.26153256889137,0.245853901550618,9.4919299384121,0.283717750201311,458.192254211858,0.045074300765991,0.336445808039408,4640.246344378446,7538.685171930737,163.413165753815,NA
ECU,2011,0.299029411120785,0.278881883547666,9.7113204158119,0.283673056550874,482.425724255324,0.047268900871277,0.336203028740931,5202.656459020663,7876.006101929443,195.032318789074,NA
ECU,2012,0.314795215297224,0.291587907491603,9.90103086934504,0.279403289905216,507.691126867223,0.046430702209473,0.336224697318651,5678.455720700034,8277.818022955957,222.137681591877,NA
ECU,2013,0.324430729456533,0.307713803631172,9.8246973983042,0.25449762538967,538.249445428855,0.050046401023865,0.324527090969544,6050.354611327401,8503.121668777492,239.8578362765271,0
ECU,2014,0.341313246527572,0.326793643375211,9.74427494376904,0.251787660943979,555.546928006486,0.052609901428223,0.321746936257221,6374.631485636603,8808.317426466945,253.2793854251588,0
ECU,2015,0.336670984545873,0.323501023120623,10.0192994132356,0.258840860159146,556.354652479425,0.049987001419067,0.32005475847204,6130.586675567683,9157.71221781525,263.5149029343472,0
ECU,2016,0.306965624426337,0.293594788344124,9.99130528625775,0.268594257640799,565.441356731846,0.04363,0.31999380786736,6079.088736120772,9315.98171929015,271.0069113788958,0
ECU,2017,0.387221491130159,0.369752322798442,10.0597597950328,0.273490309031952,576.939104711138,0.04614,0.317517290895306,6246.404252179321,9354.840361319122,310.1177120907607,0
ECU,2018,0.38263162241399,0.354990064046651,10.0114443321635,0.297101410478296,595.19478069684,0.04621,0.317898896748347,6321.349400717174,9333.896080115295,346.2920780260981,0
ECU,2019,0.360130774778331,0.329879907627674,10.079816081876,0.318603455710608,605.91782580781,0.042256598472595,0.316602940706294,6233.258166923628,9358.725411869009,386.1201251400206,0
ECU,2020,0.309340771020036,0.290381563349899,10.1610863608873,0.340295559634843,617.2339058322,0.041140198707581,0.318263100288459,5645.199289653324,9327.011275152472,413.6391868664973,0
ECU,2021,0.303891075460917,0.292812964124852,10.4044808641307,0.317450219447043,616.413039985952,0.036913800239563,0.318264963463401,5965.132870544159,9339.43964695799,457.6700699812161,0
ECU,2022,0.315442841151793,0.299546943920716,10.4696904578991,0.305392295197455,633.002730572198,0.036470398902893,0.318264822432297,6391.282484306427,9663.160476217528,513.0702599580471,0
GTM,2003,0.208977518376638,0.188684554583231,5.32757566366683,0.369791083831308,427.966287673008,0.029959950447083127,0.611347164261191,1856.180010345043,363.8508370960962,166.7031475733585,NA
GTM,2004,0.205920493167124,0.188763771974572,5.34436340228442,0.389030077447194,471.060595709448,0.03008280038833675,0.544711334823631,1967.449187888003,391.4243586482527,168.7539869758554,NA
GTM,2005,0.22180700015230848,0.2031668787768785,5.499828090615315,0.355747810436305,458.373630331785,0.030205650329590376,0.531723534054799,2174.047749869564,427.0910777083256,189.7554563442608,2.0285727146647066
GTM,2006,0.237693507137493,0.217569985579185,5.65529277894621,0.322465543425416,445.686664954122,0.030328500270844,0.518735733285967,2366.645821069828,455.1167359674947,224.4452021366994,1.9499768549474203
GTM,2007,0.22880391512564824,0.21076468865859677,5.739033510479553,0.32719788288338103,449.4408715947085,0.030880899429321,0.517506159605766,2596.273304715376,486.1472986294938,262.0639392751963,1.8713809952301341
GTM,2008,0.2199143231138035,0.2039593917380085,5.822774242012895,0.331930222341346,453.195078235295,0.0323686003685,0.516276585925565,2925.403293465457,541.4229699197678,272.239121567058,1.792785135512848
GTM,2009,0.21102473110195874,0.19715409481742024,5.906514973546237,0.336662561799311,456.9492848758815,0.030427550077438498,0.5150470122453641,2708.767141838657,551.4684007217294,279.5880060338301,1.295556445550463
GTM,2010,0.202135139090114,0.190348797896832,5.99025570507958,0.341394901257276,460.703491516468,0.028486499786377,0.513817438565163,2906.17537601921,572.7559920278619,285.3939311335886,1.467088876557252
GTM,2011,0.189892123194263,0.182866351684069,6.14123442875489,0.37956851084728,493.385539571527,0.029686501026154,0.525748032292868,3261.455851148128,608.2535304846112,309.5538032463887,2.406127956113545
GTM,2012,0.191247191608405,0.178769266288987,7.45214267520843,0.330876049905147,507.492645151569,0.030052499771118,0.509308567708548,3370.896261781599,631.3717756458482,342.8139371272086,2.460916628938418
GTM,2013,0.194133751077939,0.182533340178699,6.37415901910353,0.327838982825803,510.687884276103,0.028880898952484,0.506278560731155,3517.557521132424,658.7945962263353,374.2157235379533,2.737928217481783
GTM,2014,0.220613740009024,0.203680061444389,8.00752134907209,0.327332865929483,518.499632118457,0.029856200218201,0.49973304280762,3773.857069742739,681.3145783632025,400.7660662870076,2.402441194048737
GTM,2015,0.204952786956515,0.187994293454971,6.86100402134117,0.337434441391854,531.730406433485,0.030303299427032,0.502141050721914,3986.835776883484,697.5892781968865,441.3073791369084,1.688707612327796
GTM,2016,0.201373561251625,0.189367452399697,6.74103216922844,0.298443485985196,529.458126490509,0.029447400569916,0.501935976987119,4164.510408913237,728.62113263170545,445.744410045009,1.464051464184109
GTM,2017,0.197562855565165,0.182560967911934,6.85385123976395,0.327310453760098,538.17284740306,0.029500999450684,0.492307625510653,4444.112067773157,760.8592409693198,451.1609699792219,1.306421519743192
GTM,2018,0.19458042309876,0.17987318986623901,6.79866965206472,0.341945662303047,538.174077709332,0.031319398880005,0.555636207524406,4476.056903545867,789.4056286931367,469.0493815478196,1.066195949843472
GTM,2019,0.193476396178281,0.178377585899613,6.81732774321339,0.327068055195329,518.969056499161,0.031929700374603,0.53450006363507,4637.304661195484,818.6135104926801,495.7389629108182,1.034166891661532
GTM,2020,0.1854634890619305,0.170942309710609,6.9384600567293155,0.316185139390314,500.61434729870996,0.032950301170349,0.5692577054974385,4599.457865538295,844.9273557109198,524.0836315493847,1.013264900659334
GTM,2021,0.17745058194558,0.163507033521605,7.05959237024524,0.305302223585299,482.259638098259,0.031063499450684,0.604015347359807,5018.014254596682,880.9301435677424,554.9044651370788,3.477399084905688
GTM,2022,0.180277422305516,0.166210888836817,7.32188451115902,0.280744400800264,472.612017293867,0.032294099330902,0.588358415966837,5459.234304058605,941.5833135994336,600.4007062854919,0.692443099470842
HND,2003,0.20718176151017784,0.19679565094727103,5.48854009207876,0.374312659091539,316.718396762087,NA,0.544685647719734,1130.298931763554,141.2227074235808,NA,NA
HND,2004,0.20470560941095692,0.19413786514738351,5.64136185527996,0.350223552751579,323.573098563305,NA,0.545259673133819,1188.092429322852,152.6812227074236,NA,NA
HND,2005,0.202229457311736,0.191480079347496,6.09655657308058,0.39404843330497,327.29275019058,NA,0.545249606905949,1278.587952923932,166.1310043668122,NA,NA
HND,2006,0.193368157677904,0.18038718403238,6.1064101121261,0.36411753921627,340.078650705887,NA,0.545276698949894,1399.79921976781,175.3973799126638,NA,NA
HND,2007,0.195716298445371,0.180796850715629,6.27421718059704,0.346645358048316,350.261718739108,NA,0.544871166293349,1549.064165581335,187.5633187772926,NA,NA
HND,2008,0.205662373392956,0.192016174089786,6.46096260105044,0.340847419458362,401.064562927789,NA,0.544479640318403,1702.027051990513,208.9519650655022,NA,NA
HND,2009,0.179698358486247,0.166349720347365,6.40481856235541,0.371628483326266,529.769333686504,0.068574,0.544524757037015,1750.106448703152,220.4366812227074,NA,NA
HND,2010,0.178394285236889,0.168172650308657,6.65500692472852,0.375896545053618,524.197834153303,0.066716,0.544693363297907,1861.291428840687,230.7947598253275,NA,0.5398451723624785
HND,2011,0.169682082116054,0.16212134603581,6.79449112904418,0.366598166526081,548.048621520568,0.064858,0.544627155381834,2039.790132280891,246.4017467248908,NA,0.5004836672870827
HND,2012,0.153783111524401,0.144952591521522,6.73011001853522,0.382817515400992,580.1772178721,0.063,0.540743477481405,2092.785578597111,259.2052401746725,NA,0.46112216221168684
HND,2013,0.166715937308509,0.157850122663025,6.92670271994329,0.358247561100717,606.835018473848,0.058749299049377,0.532978207236642,2050.315437886615,272.5851528384279,NA,0.421760657136291
HND,2014,0.203927422661205,0.197839704480154,7.2181573436395,0.300726606205133,617.769843207351,0.070901198387146,0.468929132382349,2149.309623485311,289.292576419214,NA,1.985744043967017
HND,2015,0.183024036508265,0.175264254560381,7.20752851952955,0.299441322539756,636.731193169227,0.064129700660706,0.461181580200097,2241.533981588973,298.4279475982532,NA,1.752329857291201
HND,2016,0.19278207471547,0.187813344902482,7.49457176312993,0.284693059541422,659.70356531676,0.06308,0.458859625611761,2279.577563080794,306.5589519650655,NA,1.144824582510494
HND,2017,0.160315468360075,0.152256045005301,7.06608254079925,0.330486998424841,648.141947584264,0.05744,0.456592017011933,2386.599452076237,318.6200873362445,NA,-0.408582757126027
HND,2018,0.172210118366338,0.157755824725837,7.261045725107,0.316214813731097,655.123785917429,0.060564699172974,0.454107889440548,2440.600904097219,332.471615720524,NA,2.027996259183282
HND,2019,0.167563327922643,0.154271078149071,7.40747210694117,0.287973720694885,665.238984464175,0.05932,0.449968643423031,2501.852662511664,346.9868995633187,NA,1.683151681770833
HND,2020,0.16508717582342208,0.15161329234918353,7.69605586540343,0.2636162235956867,689.9534684386607,0.05976,0.4484925702221583,2337.7579216087,359.0218340611353,NA,-0.445458299791034
HND,2021,0.16261102372420116,0.148955506549296,7.98463962386569,0.23925872649648836,714.6679524131463,0.05811,0.44701649702128565,2752.4560514507252,375.1091703056769,NA,1.016737509354451
HND,2022,0.16013487162498025,0.1462977207494085,8.27322338232795,0.21490122939729,739.382436387632,0.04442,0.445540423820413,3021.551126265135,409.2052401746724,NA,0.067507111457729
MEX,2003,0.36145527529917815,0.353316615191774,8.799933222889448,0.13914116821616712,189.30502470686721,0.050725798606873,0.38114932199678264,7473.933991308961,629.1172995974258,51.51846268330454,-2.220168750197026
MEX,2004,0.359315419086479,0.350888960915545,8.89222549697075,0.139047862028208,192.82590586368,0.047267098426819,0.374051562876106,7883.523423883071,658.612880026356,49.63770165564257,-2.511859305488163
MEX,2005,0.355695554263632,0.34570492626246,9.04539954174609,0.142836689601205,193.093800428814,0.048456897735596,0.370480512136881,8702.114747075968,684.8787616941333,50.0178265957542,-2.10630159004802
MEX,2006,0.349915316366434,0.33683904251439,9.01384731016371,0.137350600354144,193.70770760602,0.046999201774597,0.366905841447036,9545.287017669058,709.7361844908576,52.88471118778051,-1.514413027298811
MEX,2007,0.34384844265791703,0.3338685700737875,9.042546529560074,0.1389276685633165,192.546445297851,0.046905097961426,0.37092431494602796,10178.44254758499,737.8903516930419,56.48008172725608,-2.058102478952279
MEX,2008,0.3377815689494,0.330898097633185,9.07124574895644,0.140504736772489,191.385182989682,0.048200697898865,0.37494278844502,10589.95219028568,775.7070971253384,61.49937552150941,-2.502265654055205
MEX,2009,0.33446513920933396,0.330795007930605,9.243296506107779,0.137813699279521,191.485795444466,0.05187940120697,0.375044641886429,8495.653079704585,816.7990723160428,62.1423841422308,-0.846804420206795
MEX,2010,0.331148709469268,0.330691918228025,9.41534726325912,0.135122661786553,191.58640789925,0.051592202186584,0.375146495327838,9823.16381476,850.7511867287999,63.87530492172023,-1.142532898009579
MEX,2011,0.3137749835260685,0.30960250083984453,9.423127355547944,0.1463920783639065,192.56454067541802,0.051056499481201,0.375246256375933,10766.60994023107,879.7395092543389,68.45467997770444,-1.002588975106133
MEX,2012,0.296401257582869,0.288513083451664,9.43090744783677,0.15766149494126,193.542673451586,0.05103099822998,0.375346017424028,10842.73281668418,915.9100743561224,74.964360881584,0.043280567584017
MEX,2013,0.305110205944099,0.2981294798121505,9.580689232334336,0.1521800641369905,193.56119815903452,0.046960501670837,0.303498149584415,11317.49135618734,950.7731822182084,80.27543904578773,-2.478145881674253
MEX,2014,0.313819154305329,0.307745876172637,9.7304710168319,0.146698633332721,193.579722866483,0.052574701309204,0.231650281744802,11490.02169031402,988.981116869976,84.69642639795092,-1.674162458688571
MEX,2015,0.30697736999334346,0.2982688924221095,9.80939119215191,0.146728403954136,200.007309156392,0.052294201850891,0.2315007801512335,10098.17339304363,1015.887745214566,93.6444896126876,-2.082887557926274
MEX,2016,0.300135585681358,0.288791908671582,9.88831136747192,0.146758174575551,206.434895446301,0.04906819820404,0.231351278557665,9152.737059995028,1044.553128469827,104.2480164122531,-2.789868188232895
MEX,2017,0.30728767304988147,0.29488983616779196,9.99336387428271,0.148072270203909,215.472298219079,0.045182199478149,0.2381410301389595,9693.330261651085,1107.659344274463,108.9979301703639,-2.525315778755415
MEX,2018,0.314439760418405,0.300987763664002,10.0984163810935,0.149386365832267,224.509700991857,0.042542200088501,0.244930781720254,10130.32087319037,1161.927463044569,114.7907876516261,-2.03867478339459
MEX,2019,0.309204789900556,0.2994050545710545,10.237649167709499,0.1511123445387885,258.34275702537,0.044399700164795,0.23777127042425,10434.5674375932,1204.174694924575,118.67876909613,-1.828204580763802
MEX,2020,0.303969819382707,0.297822345478107,10.3768819543255,0.15283832324531,292.175813058883,0.046257200241089,0.230611759128246,8895.61507777347,1245.078512256069,119.9215433026115,-2.363439608197187
MEX,2021,0.312383913320301,0.302506764710765,10.46518419237985,0.145103336945127,274.18878987259654,0.045994341513689946,0.23845182891608652,10363.1925518956,1315.913624518625,110.1861234609042,-2.585850556324578
MEX,2022,0.320798007257895,0.307191183943423,10.5534864304342,0.137368350644944,256.20176668631,0.04573148278629089,0.246291898703927,11476.67880558153,1419.821798754634,110.4865566810493,-1.488408138249535
PAN,2003,0.487977816816839,0.525494602644051,9.83229931495948,0.21264950965763,642.888482601761,0.041687002182007,0.372534061478642,4385.451040519373,112.9447493800674,NA,5.859044876868169
PAN,2004,0.422685716516376,0.446952016372371,10.005433597995,0.194435111107075,642.529215248228,0.035786600112915,0.369450620204227,4716.514126065579,113.4797024323647,NA,6.662037409554557
PAN,2005,0.41933742276616,0.438020362649084,9.95971527687941,0.198846504411907,623.344662172364,0.035595675110817,0.3638877938689,5046.740035172185,116.7284277395447,NA,5.499927467232859
PAN,2006,0.441679925813127,0.452635992050328,10.0408265391809,0.20209044121899,658.271730691013,0.035404750108719,0.36154611002177,5487.350143704331,119.5954417542002,NA,13.78070573567785
PAN,2007,0.469497312581639,0.47104594256507,10.1166793811005,0.19632965373173,634.765463784558,0.035213825106620994,0.359232050877571,6205.821225813859,124.5799782675323,NA,8.9152963730296
PAN,2008,0.484422705704112,0.479373979076826,10.3185659982144,0.187050767858761,666.409180978868,0.035022900104523,0.356925108963698,7197.110614440748,135.4921846702516,NA,8.533588637379845
PAN,2009,0.492076396189836,0.488074916665869,10.3393074407883,0.188913929749225,651.100990951335,0.03387863318125433,0.354638689829033,7618.438290437308,138.7562341534089,NA,4.64401279878569
PAN,2010,0.50540082505484,0.500567513522193,10.3789245187065,0.182170468160913,739.925330839106,0.03273436625798567,0.354830884685888,8124.558693703005,143.6014599760386,NA,8.174172475005255
PAN,2011,0.523183893171368,0.525280641115835,10.531721847289,0.167824360510868,701.475417015174,0.031590099334717,0.354269380367724,9403.440911286822,152.0381154049762,NA,8.582657070696762
PAN,2012,0.538407353701759,0.531399831515391,10.7107500387181,0.176702774985359,764.821298074755,0.030450066223144667,0.342089351367421,10767.30303270799,160.7004541528517,NA,8.619645485203131
PAN,2013,0.542187084349985,0.53505577233107,10.8982062375027,0.155611743434088,739.946721231534,0.029310033111572334,0.337534047063123,11932.30977120315,167.1756150566995,NA,7.097150679199708
PAN,2014,0.535851298529577,0.521169570313509,10.8517084898609,0.166172612154681,828.237839331355,0.02817,0.333566926916785,12837.26415882769,171.5652949207322,NA,8.272193465163472
PAN,2015,0.520226452143249,0.512968511018566,10.9207190930295,0.163047849274499,826.069588196357,0.03029,0.329443496590937,13669.53922557914,171.7979437742053,NA,7.343268063947679
PAN,2016,0.521992267817077,0.517536631636613,11.0434058441023,0.151281698666393,881.752848033021,0.03078,0.323856990631497,14382.23138853787,173.0656710595971,NA,7.869765704372004
PAN,2017,0.513779326692883,0.505429713763162,11.0693350691349,0.150180990458772,874.405640501088,0.02977,0.320637634310634,15185.97863471939,174.5841575882534,NA,6.936191277501015
PAN,2018,0.496186970431151,0.483205924971153,11.0288230018606,0.1580489392022,918.180828917062,0.02912,0.31567757353983,15588.3393521349,175.9145746844613,NA,7.907202798065251
PAN,2019,0.487447235946874,0.480772804336206,11.1856093321987,0.141741518841451,925.179167042858,0.03093,0.311298531447149,15826.08271560069,175.2904627901145,NA,5.502773654603359
PAN,2020,0.4670270577103373,0.465357657249884,11.2743175363684,0.14661848117925566,913.6849216991094,0.03622,0.30653939840312433,12569.17920171603,172.5711181076036,NA,1.162160953366411
PAN,2021,0.4466068794738007,0.449942510163562,11.3630257405381,0.15149544351706035,902.1906763553607,0.03269,0.30178026535909963,14617.59661739965,175.3865871666992,NA,0.8858736637486605
PAN,2022,0.426186701237264,0.43452736307724,11.4517339447078,0.156372405854865,890.696431011612,0.03887,0.297021132315075,15186.049149448554,180.4045582457998,NA,0.60958637413091
PER,2003,0.132500525179123,0.129272445509311,9.06585835980709,0.350733703079495,341.440071309486,0.029377999305725,0.302568468207945,2120.449242705606,516.4513579207496,395.431985809413,NA
PER,2004,0.118819520128958,0.115789844391629,9.19758210282919,0.335077280203496,353.548912496065,0.029578700065613,0.297338350748381,2373.823451904604,535.361460693732,376.6175678831518,NA
PER,2005,0.113906845794058,0.110372327703665,9.19244602624455,0.337986976309464,347.919404195418,0.028390300273895,0.292925560187557,2630.901883705496,544.0219953137736,393.3977202525442,NA
PER,2006,0.127004570142004,0.121269101348112,9.05482144372003,0.363497181098706,370.754668203463,0.026528100967407,0.349388643688339,3089.297286260288,554.9099510721117,430.8063184367534,NA
PER,2007,0.153509694085966,0.148056443684347,9.59173930479168,0.28359544289908,369.516896600145,0.026294000148773,0.281219606925032,3578.22437495978,564.7800376073777,507.5923393607258,NA
PER,2008,0.15726700103228,0.150840689270543,9.64262668333708,0.278331481346426,378.779284825345,0.028677499294281,0.275068716443742,4188.182654954695,597.4688331495988,624.5116545078271,NA
PER,2009,0.171742421672965,0.163955489293806,9.71148271190889,0.276726869018061,367.97807385055,0.031399400234222,0.268881220680671,4206.769609530083,615.0066030375025,726.0077468634703,7.727000131120933
PER,2010,0.168066012544709,0.159015315700972,9.76599629352463,0.266695741394466,362.434672856584,0.028673000335693,0.264064385535446,5096.593455429255,624.4132969681489,771.3664477966241,7.5001691061707305
PER,2011,0.181154222877887,0.170924028211297,9.81314524558188,0.268849729371307,397.771490653217,0.026635000705719,0.258982566373905,5803.070490652313,645.45393632842,888.3773157064354,7.273338081220528
PER,2012,0.200688230517838,0.188205771326864,10.0367995009707,0.25793730215131,442.093432264311,0.029227600097656,0.253398227925754,6498.325785057359,669.0479492958826,976.1278981771716,7.046507056270325
PER,2013,0.204219943957664,0.192090115199192,10.0115500813433,0.257804569478272,448.66677935377,0.032972900867462,0.247204879594646,6696.666992749792,687.81867004511,1101.730494666467,4.884672595413467
PER,2014,0.2107949623247,0.197264114491239,9.99889133620218,0.262889616065882,434.564800202012,0.036959900856018,0.243165760245305,6667.302094956268,710.1466586342324,1257.968586137824,2.241686699579367
PER,2015,0.208413710562282,0.19437167129439,10.024100824983,0.267411249246624,419.67294956105,0.03969330072403,0.237489385757425,6225.542240910931,735.3415880869691,1411.765501178561,4.292135261454639
PER,2016,0.212022602501364,0.199855204692364,10.1193930693682,0.26517025419381,442.506374466707,0.038131699562073,0.231245127186925,6280.32190919013,761.7630282617121,1489.141474088237,3.303188364918233
PER,2017,0.213806613363552,0.20062423748261,10.1430443292076,0.260491789286324,446.607241446409,0.039313099384308,0.225543250489219,6843.696466522417,783.1215824672222,1491.104584616131,3.019067289752797
PER,2018,0.215475818086283,0.1998578742821,10.2423461205564,0.262911801490376,482.29147944191,0.037139201164246,0.220083823581818,7037.807544586713,793.4330269459181,1611.037852985116,2.983159131841424
PER,2019,0.222384850643039,0.205318022590326,10.3097463211368,0.259495161689529,472.207372609999,0.03822429895401,0.215358159064908,7076.676233836755,810.3795330835469,1699.100399285047,2.659892680050075
PER,2020,0.20425002333286052,0.190997631133707,10.2397608045985,0.339046039126282,463.732833813795,0.042480401992798,0.210282494343248,6166.219545402447,825.1876197868913,1926.04030859684,-0.394949504856377
PER,2021,0.186115196022682,0.176677239677088,10.2078313410107,0.301756829060322,445.987159012551,0.039735000133514,0.206378511633213,6675.801148728016,858.0219556141634,1993.771432352484,2.611417922386768
PER,2022,0.197296225794891,0.183524694848028,10.3452597107266,0.267896788075173,455.682008939833,0.038940999507904,0.201629620502579,7188.840366328935,925.6103700966636,1953.000960043125,4.778196806768296
PRY,2003,0.121197672737053,0.119721709439003,7.99976600394679,0.32516247239991,711.795509412351,0.033827600479126,0.437961307036329,1434.272251439303,477.4666453801128,80.88021945738838,NA
PRY,2004,0.106326188382608,0.103702552358577,7.89612016784669,0.332763026963866,682.239274128235,0.028698999881744,0.431482327561638,1778.669673646772,498.1515447988716,74.10459187412033,NA
PRY,2005,0.139857698020821,0.134952408748417,8.2782174287563,0.323627004998266,715.503531694114,0.028264366785685,0.420297012995668,1964.819441072702,531.9963603631631,75.57055391397742,1.186791385594767
PRY,2006,0.118568170962514,0.116162810732915,8.5150931673542,0.312368618912611,731.147661651124,0.027829733689626,0.418927125012465,2432.959222462128,583.0394606314737,77.66977999748785,1.2186106209091097
PRY,2007,0.151709504951776,0.146799491231848,8.71017659871051,0.294723647227085,743.849663184777,0.027395100593567,0.416586787462081,3202.511592956943,630.4433334197531,90.5271191707234,1.2504298562234524
PRY,2008,0.159342146653509,0.15247681378371,8.87745223413677,0.265165062803637,675.274261682449,0.027499133745829334,0.41416288646514,4376.560382745399,694.4634962618899,118.7544374545462,1.282249091537795
PRY,2009,0.164616811539641,0.158311670021004,9.27896021642061,0.294816374931059,691.123266089549,0.027603166898091665,0.411932818574795,3928.022451301552,712.4636201741948,148.9756663694561,0.500803610237078
PRY,2010,0.171805883523813,0.164257755543781,9.14094489452622,0.267961413611204,706.630260714503,0.027707200050354,0.409695805879042,4727.555166406377,745.6014629729946,193.1572515750773,2.092932257094636
PRY,2011,0.19031599393085,0.186391142511427,9.6704996083674,0.2641049471964,718.026526025903,0.036928200721741,0.407030089065803,5781.905833038715,807.1431710279086,218.3558925996977,1.830605445711978
PRY,2012,0.195415878866434,0.188570182906713,9.5146107831659,0.271424719355385,692.576753038809,0.03668790102005,0.404374194200697,5625.653465634001,836.8131000454385,251.1429630621641,2.607699817138618
PRY,2013,0.220878322063957,0.214836192972298,9.86071476232756,0.234714899582483,674.467735689761,0.02679,0.402063599307627,6436.289807350036,859.2719702479473,285.1580284370916,0.516306340910362
PRY,2014,0.219201319435167,0.216280220252947,9.93301952403834,0.227740870933248,706.397079552245,0.02597,0.399924417046683,6629.347779697204,902.4832768875784,336.4806701721497,1.126071587885377
PRY,2015,0.221162978761001,0.217866966779471,10.1536079440149,0.20079643926312,684.959001603415,0.03334,0.397938996275628,5861.389724161827,930.7220033922032,406.9969598581523,1.056561505928977
PRY,2016,0.209541224584149,0.209847702547685,9.98352310472973,0.216768541150885,658.069747044798,0.034349799156189,0.388428294518156,5759.018333157939,968.7589624851778,415.9429659469477,1.286315636835528
PRY,2017,0.219695833393648,0.217095968557291,10.0651637065308,0.206404558876253,710.772093984817,0.03091,0.384181208514561,6136.0583543037,1003.658285299861,409.9918409902353,0.398358424606844
PRY,2018,0.23213477807274,0.230052725156776,10.2278199458133,0.198067533944361,707.525372803799,0.03296,0.378372901302291,6242.961478511424,1043.559826035898,440.2586274844735,0.569742047196356
PRY,2019,0.228285687039996,0.228399931010554,10.39701841861265,0.2020148496250215,704.90691161891,0.0349,0.3743986814089565,5807.838833531133,1072.331785569081,485.8189043852629,1.408360774504872
PRY,2020,0.224436596007252,0.226747136864332,10.566216891412,0.205962165305682,702.288450434021,0.039361500740051,0.37042446151562203,5353.348044641109,1091.285420632483,515.4511667466566,0.447683823106552
PRY,2021,0.221232632504865,0.22240930728525,10.6360190497981,0.192034109034074,699.688296942859,0.034107000827789,0.366425005976631,5959.441763278855,1143.53598215862,547.8464505822193,0.222258990824196
PRY,2022,0.233715811783557,0.23327518138883,10.9078301384262,0.168554848784808,637.438935377443,0.034149699211121,0.36250834510705,6187.066049339505,1255.208750910559,563.181096363374,1.727718385938594
SLV,2003,0.297818208814949,0.289770154221433,7.4450782258601,0.182364453461896,343.86702173511,0.031346700191498,0.408158897184972,2197.481995852778,153.4835047355187,NA,-0.925709741769891
SLV,2004,0.290643989571704,0.282822308369598,7.53286911524009,0.191269739467533,327.787052141898,0.031562600135803504,0.403284046586646,2273.955505639376,160.3165042988572,NA,-2.666849126032326
SLV,2005,0.291353422595214,0.279147696495678,7.63328516259926,0.201985710800223,312.050919504014,0.031778500080109,0.401025046328131,2434.323531170289,167.8368692876395,NA,-2.709484283575997
SLV,2006,0.303095460420253,0.288630111047995,7.7701549972026,0.190154932558114,329.516140122426,0.034929800033569,0.400935263475858,2651.429230503066,174.6126511375785,NA,-1.671450035875269
SLV,2007,0.303418092082057,0.28804347826087,7.83291919938509,0.180899558073734,317.323621022385,0.036098499298096,0.373494819024906,2814.589888935233,182.6073208558565,NA,-8.55473422781313
SLV,2008,0.312400500985422,0.295407016238597,7.74680266878646,0.2035586627418,307.507433419204,0.044581098556518,0.351570042726618,2964.170492274434,195.8599972896873,NA,-4.579004251988116
SLV,2009,0.288967755284187,0.276655608365901,7.82454128005441,0.224254754847437,338.151640501713,0.046595001220703,0.36848290012946,2889.685887219373,196.9064791531778,NA,-2.078047361549675
SLV,2010,0.286141888039077,0.274818600450884,7.88395799236684,0.222649923708394,334.100857260486,0.040480799674988,0.374849407214056,3017.309030339053,198.7008471233042,NA,1.222713779346967
SLV,2011,0.286362168969032,0.273307571270989,7.91264290015123,0.231839745233117,318.461372682733,0.03898540019989,0.376971319964015,3304.975812846882,208.8920620962763,NA,-1.076865346539209
SLV,2012,0.285017132136071,0.271212847328472,8.13736594401647,0.223344770210308,337.002335502083,0.037124400138855,0.374260192643547,3471.052891691982,212.505340821827,NA,-2.179075941648355
SLV,2013,0.301472736313769,0.286641775994291,8.24490078162634,0.208861133540132,343.277522280626,0.038014900684357,0.377511835457728,3555.160482937745,214.1154283046993,NA,-0.814455488144567
SLV,2014,0.309961590228363,0.297090629850117,8.42969428720535,0.197792289336338,361.801645154239,0.038241600990295,0.376814969815267,3638.517658191624,216.5592233448271,NA,-1.356349641289849
SLV,2015,0.292243602809446,0.278495279676045,8.46769527963428,0.192128886732306,380.050402437693,0.039098799228668,0.376456115262269,3761.512075140915,214.9753427792751,NA,-1.691040765630759
SLV,2016,0.286236991428946,0.275242503343052,8.46573850835052,0.197072944618717,376.747671214567,0.038252398967743,0.382617706712801,3870.31138259118,216.2742231189677,NA,-1.437918574245832
SLV,2017,0.278941116428704,0.269083270413922,8.42918173656109,0.193924209787377,496.929033376129,0.037252299785614,0.398399236689933,3986.04901435439,218.467414512219,NA,-3.558340051592189
SLV,2018,0.291323488266359,0.280467231439075,8.78162450891244,0.174296729281721,493.268537627294,0.036057500839233,0.383378944346535,4145.863944316609,220.8440543267132,NA,-3.174556708235903
SLV,2019,0.273688352288982,0.263927887192414,8.59120299301155,0.179979891429992,498.90755405997197,0.033871099948883,0.420709594620136,4280.288404047184,221.0078475599657,NA,-2.365090723078587
SLV,2020,0.2819201409015,0.273828702498311,9.02930058099301,0.162735723299949,503.097511317893,0.036595799922943,0.383378944307853,3961.72663347599,220.1905193260356,NA,-1.090110674967254
SLV,2021,0.289168272104345,0.28424815206939,8.99997915563722,0.14863501499471,549.759028961238,0.035280799865723,0.383378944094065,4664.31280642403,227.8265598602683,NA,-1.046577571135281
SLV,2022,0.307775976167833,0.299342690143138,9.10603897339862,0.148996050309235,511.866899040414,0.04531,0.383378943877343,5127.320090044934,244.2206245765136,NA,0.310614305307906
URY,2003,0.524136569887596,0.608809606471914,9.5171594746966,0.044961727313307,124.773450132421,0.020682098865509,0.048049496517564884,4022.842835473255,2891.139925630077,88.7577410298262,NA
URY,2004,0.540651157502807,0.597548486809452,9.64612689235119,0.049008274328221,124.641437126889,0.024995400905609,0.053558065277888256,4601.837646551552,3155.899102196779,61.75013531059605,NA
URY,2005,0.563644605007679,0.617390310157122,10.5965945388527,0.045811110946436,212.078528869911,0.027147500514984,0.05906663403821163,5829.806212325036,3304.203555168778,47.79977181187697,NA
URY,2006,0.61140120443023,0.65474684369283,9.67382190694497,0.108045152099272,246.469470731487,0.028566401004791,0.064575202798535,6552.690763542712,3515.636349979919,46.21448486465806,NA
URY,2007,0.627553822613743,0.658871965196732,9.71585953820701,0.107010714546504,256.237575914137,0.031151861190795598,0.128835300872439,7844.67566191056,3800.902608347513,48.70797670864681,NA
URY,2008,0.652149072877894,0.671539993107097,9.25318456175058,0.106103146222477,284.416555309996,0.0337373213768002,0.131697726755506,10051.528182886581,4100.223257096747,59.0086902346607,NA
URY,2009,0.664875772796051,0.682847631015532,9.76625675404479,0.1096535207772,311.845736731175,0.0363227815628048,0.129153911688367,10579.91695992772,4389.777275320418,61.94738373941216,-3.868592807047073
URY,2010,0.673642347606611,0.688465115505024,9.7073320431643,0.115840423781918,315.843747195113,0.0389082417488094,0.17665212649298,13360.59920687976,4683.875923194226,59.3975877528108,-3.893875926446091
URY,2011,0.71121320615322,0.723108091916355,10.0233488569642,0.106553732725845,365.322381780155,0.041493701934814,0.138335421206058,15910.69392663726,5062.978311146732,63.16228480700696,-3.9191590458451087
URY,2012,0.724979207966091,0.73919169779248906,10.1145420143235,0.086230617585318,405.538314957832,0.04094,0.124953678485768,16847.33818310954,5472.966437578604,71.23835184053964,-3.944442165244127
URY,2013,0.732382508251423,0.748554654417392,10.1076471551703,0.09312726515721,410.853494364496,0.04238920211792,0.160832911413223,18774.00933932063,5942.2807002978,76.9563344143905,-4.797138467213367
URY,2014,0.738745555279914,0.755543594548439,10.1692998310711,0.09167145408997,426.909213683251,0.042673501968384,0.158854045424852,18642.92100370812,6469.797954060202,86.29636854371283,-3.554094423001584
URY,2015,0.733726855858684,0.758040883825846,10.2021399254224,0.088444417771328,438.480925026984,0.042063698768616,0.156684377977587,17254.86202254058,7030.488104854123,95.4838899138905,-1.319421142150181
URY,2016,0.723579043320698,0.751237809452363,10.2820528872567,0.08228615858418,445.922637246856,0.043642001152039,0.152351981031678,16840.55520818442,7708.185922686671,96.05563594338804,3.171710240195785
URY,2017,0.727055834508324,0.756435221014376,10.3694235173058,0.087600834826338,461.782451552351,0.044178700447082,0.165745097169162,19039.92422082288,8187.488155612456,88.51777607735377,3.126750130944858
URY,2018,0.724587514042915,0.757220028516477,10.4389822549018,0.083661574322214,469.904305701766,0.046135997772217,0.163811045322817,19002.35815169267,8810.272193473844,88.53228282798806,1.119803784365036
URY,2019,0.715508825770563,0.754922987535761,10.5076906419414,0.083113148562381,486.487867209067,0.04641300201416,0.159850207408843,18085.46756381422,9504.696852977662,91.75051257117086,-2.243100008162626
URY,2020,0.725075719451172,0.781309254115565,10.7763899788028,0.079442389478358,481.672045992594,0.045430698394775,0.154933818462623,15691.13707304403,10432.01370131461,95.04041285685342,-1.893711168321775
URY,2021,0.721839506505907,0.758197796836325,10.6514005909449,0.07897236620173,491.728660090108,0.044133400917053,0.167477687517994,17726.10183650649,11240.27715377545,96.02846531627276,-2.481355261728228
URY,2022,0.739554829654562,0.775372031607288,13.7598679114803,0.082826024469724,486.734242257582,0.0437,0.152712302963709,20579.06552675565,12263.63467988468,97.59996702492784,-4.197273359234306
